	category	frequency
0	reddit.com	80.81
1	politics	71.42
2	canada	78.64
3	technology	79.62
4	loseit	89.45
5	Christianity	85.96
6	trees	86.63
7	Minecraft	83.05
8	askscience	83.44
9	tf2	78.3
10	soccer	83.03
11	gaming	82.91
12	science	80.14
13	programming	83.17
14	googleplus	93.64
15	Frugal	84.95
16	news	67.0
17	AskReddit	79.98
18	funny	82.85
19	Fitness	83.29
20	fffffffuuuuuuuuuuuu	79.78
21	nosleep	79.57
22	bicycling	79.72
23	apple	85.94
24	malefashionadvice	88.38
25	atheism	77.28
26	movies	79.03
27	Libertarian	76.66
28	buildapc	89.67
29	googleplusinvites	98.59
30	gonewild	93.67
31	Music	86.89
32	TwoXChromosomes	80.57
33	Android	86.46
34	guns	75.43
35	linux	85.86
36	mylittlepony	88.11
37	baseball	80.95
38	MensRights	63.29
39	leagueoflegends	80.67
40	todayilearned	79.6
41	WTF	76.05
42	worldnews	71.68
43	starcraft	79.72
44	AdviceAnimals	81.63
45	IAmA	82.24
46	pics	82.34
47	videos	79.36
48	sex	83.93
49	firstworldproblems	79.58
